<?xml version="1.0" encoding="UTF-8"?>
<project-private xmlns="http://www.netbeans.org/ns/project-private/1">
    <editor-bookmarks xmlns="http://www.netbeans.org/ns/editor-bookmarks/2" lastBookmarkId="0"/>
    <open-files xmlns="http://www.netbeans.org/ns/projectui-open-files/2">
        <group>
            <file>file:/home/sony/Escritorio/ESPE/POO/Sanamed-Account-System/06-Code/SanamedAccountSystem/src/ec/edu/espe/Sanamed/view/LoginFrm.java</file>
            <file>file:/home/sony/Escritorio/ESPE/POO/Sanamed-Account-System/06-Code/SanamedAccountSystem/src/ec/edu/espe/Sanamed/view/ProductFrm.java</file>
        </group>
        <group name="otros">
            <file>file:/C:/Users/white/Desktop/SanamedAccountSystem/src/ec/edu/espe/Sanamed/view/ProductsSearch.java</file>
            <file>file:/C:/Users/white/Desktop/SanamedAccountSystem/src/ec/edu/espe/Sanamed/view/MenuSanamed.java</file>
            <file>file:/C:/Users/white/Desktop/SanamedAccountSystem/src/ec/edu/espe/Sanamed/view/ProductFrm.java</file>
            <file>file:/C:/Users/white/Desktop/SanamedAccountSystem/src/ec/edu/espe/Sanamed/controller/ProductController.java</file>
            <file>file:/C:/Users/white/Desktop/SanamedAccountSystem/src/ec/edu/espe/Sanamed/model/ClientDAO.java</file>
            <file>file:/C:/Users/white/Desktop/SanamedAccountSystem/src/ec/edu/espe/Sanamed/model/ConexionClient.java</file>
            <file>file:/C:/Users/white/Desktop/SanamedAccountSystem/src/ec/edu/espe/Sanamed/view/LoginFrm.java</file>
            <file>file:/C:/Users/white/Desktop/SanamedAccountSystem/src/ec/edu/espe/Sanamed/controller/LoginController.java</file>
            <file>file:/C:/Users/white/Desktop/SanamedAccountSystem/src/ec/edu/espe/Sanamed/model/ConexionProduct.java</file>
        </group>
    </open-files>
</project-private>
